account,date,closedPnL,size,num_trades,win_rate,long_short_ratio,Classification,frequency_group,profit_label
0x083384f897ee0f19899168e3b1bec365f52a9012,2024-06-12,-175611.00005600002,9.090909090909092,33,0.0,1.0301507537688441,Greed,Frequent,0
0x083384f897ee0f19899168e3b1bec365f52a9012,2024-11-11,0.0,1.5875706214689265,177,0.0,0.3357142857142857,Extreme Greed,Frequent,0
0x083384f897ee0f19899168e3b1bec365f52a9012,2025-01-03,9482.221441,1.318582222222222,45,0.8,1.5,Greed,Frequent,1
0x083384f897ee0f19899168e3b1bec365f52a9012,2025-02-02,76710.0,60.0,10,0.9,1.7104722792607803,Greed,Infrequent,1
0x083384f897ee0f19899168e3b1bec365f52a9012,2025-03-02,101011.685664,10.820332538736592,839,0.30512514898688914,0.8457364341085272,Fear,Frequent,1
0x083384f897ee0f19899168e3b1bec365f52a9012,2025-03-03,533974.662903,14.235897347893914,641,0.8424336973478939,2.582125603864734,Fear,Frequent,1
0x083384f897ee0f19899168e3b1bec365f52a9012,2025-04-02,375620.270243,29.566478342749527,531,0.15630885122410546,0.8343065693430657,Fear,Frequent,1
0x083384f897ee0f19899168e3b1bec365f52a9012,2025-05-02,44400.9058,9.683554285714285,210,0.37142857142857144,1.1313628899835797,Greed,Frequent,1
0x23e7a7f8d14b550961925fbfdaa92f5d195ba5bd,2024-01-12,0.0,0.00736001,1,0.0,0.5274725274725275,Greed,Infrequent,0
0x23e7a7f8d14b550961925fbfdaa92f5d195ba5bd,2024-06-12,0.0,110.64617647058823,34,0.0,1.0301507537688441,Greed,Frequent,0
0x23e7a7f8d14b550961925fbfdaa92f5d195ba5bd,2024-07-12,3515.031065,144.64051199153843,26,0.9615384615384616,0.5641025641025641,Fear,Frequent,1
0x23e7a7f8d14b550961925fbfdaa92f5d195ba5bd,2024-09-12,0.0,89.33717391304349,46,0.0,5.352941176470588,Fear,Frequent,0
0x23e7a7f8d14b550961925fbfdaa92f5d195ba5bd,2024-10-12,2517.787385,64.1886198953125,64,0.984375,0.4967197750702905,Neutral,Frequent,1
0x23e7a7f8d14b550961925fbfdaa92f5d195ba5bd,2025-01-02,1162.002541,81.11564102564103,78,0.32051282051282054,1.243816254416961,Greed,Frequent,1
0x23e7a7f8d14b550961925fbfdaa92f5d195ba5bd,2025-01-05,1243.853569,41.99536,250,0.324,1.2587155963302752,Greed,Frequent,1
0x23e7a7f8d14b550961925fbfdaa92f5d195ba5bd,2025-02-02,6352.452613,1987.2184915087041,517,0.4506769825918762,1.7104722792607803,Greed,Frequent,1
0x23e7a7f8d14b550961925fbfdaa92f5d195ba5bd,2025-03-03,2480.902379,101.51363636363637,110,0.45454545454545453,2.582125603864734,Fear,Frequent,1
0x23e7a7f8d14b550961925fbfdaa92f5d195ba5bd,2025-03-04,0.0,4564.05,1,0.0,1.205548549810845,Extreme Fear,Infrequent,0
0x23e7a7f8d14b550961925fbfdaa92f5d195ba5bd,2025-04-03,-3169.3554679999997,110.02307692307693,65,0.0,2.668702290076336,Fear,Frequent,0
0x271b280974205ca63b716753467d5a371de622ab,2024-05-12,208.81746,10.23615,4,0.75,0.7245283018867924,Greed,Infrequent,1
0x28736f43f1e871e6aa8b1148d38d4994275d72c4,2024-01-12,4458.25495,182.78686528497408,193,0.5025906735751295,0.5274725274725275,Greed,Frequent,1
0x28736f43f1e871e6aa8b1148d38d4994275d72c4,2024-02-12,1283.846047,130.4958572857143,140,0.5214285714285715,1.3565217391304347,Greed,Frequent,1
0x28736f43f1e871e6aa8b1148d38d4994275d72c4,2024-03-12,1190.358719,228.30948717948718,78,0.47435897435897434,0.8292682926829268,Extreme Greed,Frequent,1
0x28736f43f1e871e6aa8b1148d38d4994275d72c4,2024-04-12,9066.169646,144.96276785714286,112,0.5357142857142857,0.42857142857142855,Extreme Greed,Frequent,1
0x28736f43f1e871e6aa8b1148d38d4994275d72c4,2024-05-12,14685.787664,92.6308163265306,98,0.4897959183673469,0.7245283018867924,Greed,Frequent,1
0x28736f43f1e871e6aa8b1148d38d4994275d72c4,2024-06-12,389.176232,85.3436231884058,69,0.2318840579710145,1.0301507537688441,Greed,Frequent,1
0x28736f43f1e871e6aa8b1148d38d4994275d72c4,2024-07-12,4008.012049,89.75558139534883,86,0.4186046511627907,0.5641025641025641,Fear,Frequent,1
0x28736f43f1e871e6aa8b1148d38d4994275d72c4,2024-08-12,554.009942,109.05882352941177,102,0.4215686274509804,0.24188790560471976,Fear,Frequent,1
0x28736f43f1e871e6aa8b1148d38d4994275d72c4,2024-09-12,768.430838,236.07873239436623,213,0.5915492957746479,5.352941176470588,Fear,Frequent,1
0x28736f43f1e871e6aa8b1148d38d4994275d72c4,2024-10-12,980.557461,456.31936305732484,157,0.6751592356687898,0.4967197750702905,Neutral,Frequent,1
0x28736f43f1e871e6aa8b1148d38d4994275d72c4,2024-11-12,1582.001112,124.16052795698926,93,0.34408602150537637,0.16270218839200762,Extreme Greed,Frequent,1
0x28736f43f1e871e6aa8b1148d38d4994275d72c4,2024-12-12,5806.86932,199.29821639455784,147,0.5578231292517006,0.27843915343915343,Extreme Greed,Frequent,1
0x28736f43f1e871e6aa8b1148d38d4994275d72c4,2025-01-01,109.82694000000001,405.64313559322034,59,0.3559322033898305,2.3448275862068964,Greed,Frequent,1
0x28736f43f1e871e6aa8b1148d38d4994275d72c4,2025-01-02,3.536668000000001,264.353137254902,51,0.4117647058823529,1.243816254416961,Greed,Frequent,1
0x28736f43f1e871e6aa8b1148d38d4994275d72c4,2025-01-03,557.9358,65.10000015216215,37,0.3783783783783784,1.5,Greed,Frequent,1
0x28736f43f1e871e6aa8b1148d38d4994275d72c4,2025-01-04,768.351892,13527.432682926828,41,0.6585365853658537,0.9108910891089109,Greed,Frequent,1
0x28736f43f1e871e6aa8b1148d38d4994275d72c4,2025-01-05,16.923621,7.0,2,1.0,1.2587155963302752,Greed,Infrequent,1
0x28736f43f1e871e6aa8b1148d38d4994275d72c4,2025-02-01,416.546688,280.9170766336634,101,0.45544554455445546,0.4196078431372549,Greed,Frequent,1
0x28736f43f1e871e6aa8b1148d38d4994275d72c4,2025-02-02,-1416.906536,861.1982417582417,91,0.054945054945054944,1.7104722792607803,Greed,Frequent,0
0x28736f43f1e871e6aa8b1148d38d4994275d72c4,2025-02-03,8330.21747,208.95294520547947,73,0.7671232876712328,1.057915057915058,Fear,Frequent,1
0x28736f43f1e871e6aa8b1148d38d4994275d72c4,2025-02-04,669.381363,13034.532142857142,70,0.6,0.13487881981032665,Greed,Frequent,1
0x28736f43f1e871e6aa8b1148d38d4994275d72c4,2025-03-01,250.581483,434.2310886956522,69,0.5217391304347826,0.4970588235294118,Extreme Fear,Frequent,1
0x28736f43f1e871e6aa8b1148d38d4994275d72c4,2025-03-02,439.634046,108.92393212893333,75,0.6,0.8457364341085272,Fear,Frequent,1
0x28736f43f1e871e6aa8b1148d38d4994275d72c4,2025-03-03,494.669357,133.52586206896552,58,0.3620689655172414,2.582125603864734,Fear,Frequent,1
0x28736f43f1e871e6aa8b1148d38d4994275d72c4,2025-03-04,149.51234499999998,17395.791764705882,85,0.11764705882352941,1.205548549810845,Extreme Fear,Frequent,1
0x28736f43f1e871e6aa8b1148d38d4994275d72c4,2025-04-01,232.66549799999999,154.02253259259257,81,0.49382716049382713,0.25675675675675674,Fear,Frequent,1
0x28736f43f1e871e6aa8b1148d38d4994275d72c4,2025-04-02,1291.500575,133.58954229166667,48,0.3541666666666667,0.8343065693430657,Fear,Frequent,1
0x28736f43f1e871e6aa8b1148d38d4994275d72c4,2025-04-03,163.73415,77.6760465116279,43,0.3023255813953488,2.668702290076336,Fear,Frequent,1
0x28736f43f1e871e6aa8b1148d38d4994275d72c4,2025-04-04,498.73528200000004,5443.1526,100,0.56,0.6447028423772609,Fear,Frequent,1
0x28736f43f1e871e6aa8b1148d38d4994275d72c4,2025-05-01,87.752181,239.9459756097561,82,0.5365853658536586,0.37142857142857144,Neutral,Frequent,1
0x28736f43f1e871e6aa8b1148d38d4994275d72c4,2025-05-02,696.8107239999999,92.64910686746988,83,0.4457831325301205,1.1313628899835797,Greed,Frequent,1
0x2c229d22b100a7beb69122eed721cee9b24011dd,2024-01-11,-0.09906000000000104,4138.285714285715,14,0.2857142857142857,1.1818181818181819,Extreme Greed,Infrequent,0
0x2c229d22b100a7beb69122eed721cee9b24011dd,2024-02-12,16196.864846,3234.698113207547,53,0.5660377358490566,1.3565217391304347,Greed,Frequent,1
0x2c229d22b100a7beb69122eed721cee9b24011dd,2024-03-12,121.535562,3167.915254237288,59,0.23728813559322035,0.8292682926829268,Extreme Greed,Frequent,1
0x2c229d22b100a7beb69122eed721cee9b24011dd,2024-04-12,7591.307059,354995.35135135136,37,0.6756756756756757,0.42857142857142855,Extreme Greed,Frequent,1
0x2c229d22b100a7beb69122eed721cee9b24011dd,2024-05-12,2069.92634,92.98181818181818,33,0.9090909090909091,0.7245283018867924,Greed,Frequent,1
0x2c229d22b100a7beb69122eed721cee9b24011dd,2024-06-11,-3.41119,3894.0,3,0.0,0.6,Greed,Infrequent,0
0x2c229d22b100a7beb69122eed721cee9b24011dd,2024-06-12,-123.870122,5510.222222222223,9,0.0,1.0301507537688441,Greed,Infrequent,0
0x2c229d22b100a7beb69122eed721cee9b24011dd,2024-08-11,-710.786946,534.8933333333333,15,0.0,1.3529411764705883,Fear,Infrequent,0
0x2c229d22b100a7beb69122eed721cee9b24011dd,2024-10-12,130.883691,173722.66666666666,12,0.5833333333333334,0.4967197750702905,Neutral,Infrequent,1
0x2c229d22b100a7beb69122eed721cee9b24011dd,2024-11-12,8544.6855,5299.684210526316,19,0.5263157894736842,0.16270218839200762,Extreme Greed,Infrequent,1
0x2c229d22b100a7beb69122eed721cee9b24011dd,2024-12-12,7639.595794,7303.290322580645,62,0.6290322580645161,0.27843915343915343,Extreme Greed,Frequent,1
0x2c229d22b100a7beb69122eed721cee9b24011dd,2025-01-02,88.50699399999999,898.6095238095238,21,0.5714285714285714,1.243816254416961,Greed,Infrequent,1
0x2c229d22b100a7beb69122eed721cee9b24011dd,2025-01-04,1334.414834,25.34,9,0.4444444444444444,0.9108910891089109,Greed,Infrequent,1
0x2c229d22b100a7beb69122eed721cee9b24011dd,2025-02-04,1.1031579999999999,0.646,6,0.3333333333333333,0.13487881981032665,Greed,Infrequent,1
0x2c229d22b100a7beb69122eed721cee9b24011dd,2025-03-04,160.127816,118941.15384615384,26,0.7307692307692307,1.205548549810845,Extreme Fear,Frequent,1
0x3998f134d6aaa2b6a5f723806d00fd2bbbbce891,2023-01-05,0.0,0.08376666666666666,3,0.0,3.0,Fear,Infrequent,0
0x3998f134d6aaa2b6a5f723806d00fd2bbbbce891,2024-01-08,0.0,16.4860535,1,0.0,4.2727272727272725,Greed,Infrequent,0
0x3998f134d6aaa2b6a5f723806d00fd2bbbbce891,2024-01-12,13.566929,1111176.0166666666,3,0.6666666666666666,0.5274725274725275,Greed,Infrequent,1
0x3998f134d6aaa2b6a5f723806d00fd2bbbbce891,2024-02-12,0.0,0.39853,1,0.0,1.3565217391304347,Greed,Infrequent,0
0x3998f134d6aaa2b6a5f723806d00fd2bbbbce891,2024-03-08,0.0,2023.32184,1,0.0,18.0,Extreme Greed,Infrequent,0
0x3998f134d6aaa2b6a5f723806d00fd2bbbbce891,2024-04-08,0.0,875.4988657,1,0.0,0.8823529411764706,Extreme Greed,Infrequent,0
0x3998f134d6aaa2b6a5f723806d00fd2bbbbce891,2024-05-09,0.0,10818.93703,1,0.0,0.0,Greed,Infrequent,0
0x3998f134d6aaa2b6a5f723806d00fd2bbbbce891,2024-06-08,215.754798,6147.454444444444,27,0.2962962962962963,2.375,Greed,Frequent,1
0x3998f134d6aaa2b6a5f723806d00fd2bbbbce891,2024-07-08,0.0,0.20677364727272726,11,0.0,0.5454545454545454,Fear,Infrequent,0
0x3998f134d6aaa2b6a5f723806d00fd2bbbbce891,2024-11-01,0.0,0.5,2,0.0,1.4444444444444444,Extreme Greed,Infrequent,0
0x39cef799f8b69da1995852eea189df24eb5cae3c,2024-01-12,0.0,459.0,1,0.0,0.5274725274725275,Greed,Infrequent,0
0x39cef799f8b69da1995852eea189df24eb5cae3c,2024-03-12,0.0,500.0,1,0.0,0.8292682926829268,Extreme Greed,Infrequent,0
0x39cef799f8b69da1995852eea189df24eb5cae3c,2024-05-12,0.0,67.04565666666666,6,0.0,0.7245283018867924,Greed,Infrequent,0
0x39cef799f8b69da1995852eea189df24eb5cae3c,2024-06-12,0.0,579.7515275,20,0.0,1.0301507537688441,Greed,Infrequent,0
0x39cef799f8b69da1995852eea189df24eb5cae3c,2024-09-12,483.662076,1507.75,8,1.0,5.352941176470588,Fear,Infrequent,1
0x39cef799f8b69da1995852eea189df24eb5cae3c,2024-10-12,0.0,52.30877,3,0.0,0.4967197750702905,Neutral,Infrequent,0
0x39cef799f8b69da1995852eea189df24eb5cae3c,2024-11-12,3721.345649,0.3982775,4,1.0,0.16270218839200762,Extreme Greed,Infrequent,1
0x39cef799f8b69da1995852eea189df24eb5cae3c,2024-12-11,0.0,1.5498,2,0.0,1.3243243243243243,Greed,Infrequent,0
0x39cef799f8b69da1995852eea189df24eb5cae3c,2025-01-01,-9655.676981,654.9641666666666,12,0.4166666666666667,2.3448275862068964,Greed,Infrequent,0
0x39cef799f8b69da1995852eea189df24eb5cae3c,2025-03-01,0.0,266.73,1,0.0,0.4970588235294118,Extreme Fear,Infrequent,0
0x39cef799f8b69da1995852eea189df24eb5cae3c,2025-03-04,0.0,2.6800584507042253,142,0.0,1.205548549810845,Extreme Fear,Frequent,0
0x39cef799f8b69da1995852eea189df24eb5cae3c,2025-04-03,863.956464,197.16993492063494,63,0.47619047619047616,2.668702290076336,Fear,Frequent,1
0x39cef799f8b69da1995852eea189df24eb5cae3c,2025-04-04,266.39774,11.193182352941179,34,1.0,0.6447028423772609,Fear,Frequent,1
0x3f9a0aadc7f04a7c9d75dc1b5a6ddd6e36486cf6,2024-02-12,0.0,5836.59,1,0.0,1.3565217391304347,Greed,Infrequent,0
0x3f9a0aadc7f04a7c9d75dc1b5a6ddd6e36486cf6,2024-03-10,100.375782,755.2,5,0.6,1.5,Extreme Greed,Infrequent,1
0x3f9a0aadc7f04a7c9d75dc1b5a6ddd6e36486cf6,2024-03-11,0.0,64707.5,2,0.0,6.0,Extreme Greed,Infrequent,0
0x3f9a0aadc7f04a7c9d75dc1b5a6ddd6e36486cf6,2024-04-11,540.05911,12941.5,10,1.0,0.5416666666666666,Extreme Greed,Infrequent,1
0x3f9a0aadc7f04a7c9d75dc1b5a6ddd6e36486cf6,2024-07-11,503.46257599999996,5074.0,16,0.6875,0.8688524590163934,Fear,Infrequent,1
0x3f9a0aadc7f04a7c9d75dc1b5a6ddd6e36486cf6,2024-10-11,0.0,4631.3,1,0.0,0.38095238095238093,Fear,Infrequent,0
0x3f9a0aadc7f04a7c9d75dc1b5a6ddd6e36486cf6,2024-11-11,393.07947,1157.8249999999998,4,1.0,0.3357142857142857,Extreme Greed,Infrequent,1
0x3f9a0aadc7f04a7c9d75dc1b5a6ddd6e36486cf6,2024-12-11,0.0,421.45000000000005,4,0.0,1.3243243243243243,Greed,Infrequent,0
0x3f9a0aadc7f04a7c9d75dc1b5a6ddd6e36486cf6,2025-04-04,0.0,0.7678,1,0.0,0.6447028423772609,Fear,Infrequent,0
0x420ab45e0bd8863569a5efbb9c05d91f40624641,2024-06-12,0.0,274.24444444444447,45,0.0,1.0301507537688441,Greed,Frequent,0
0x420ab45e0bd8863569a5efbb9c05d91f40624641,2024-12-12,1762.46,29.0,10,1.0,0.27843915343915343,Extreme Greed,Infrequent,1
0x430f09841d65beb3f27765503d0f850b8bce7713,2024-05-10,0.0,2269.151296,1,0.0,0.3103448275862069,Greed,Infrequent,0
0x430f09841d65beb3f27765503d0f850b8bce7713,2024-09-08,0.0,7655.26437,1,0.0,0.5934065934065934,Fear,Infrequent,0
0x430f09841d65beb3f27765503d0f850b8bce7713,2024-10-08,0.0,5356.19957,1,0.0,43.5,Neutral,Infrequent,0
0x430f09841d65beb3f27765503d0f850b8bce7713,2024-11-09,0.0,35870.82982,1,0.0,0.0,Extreme Greed,Infrequent,0
0x430f09841d65beb3f27765503d0f850b8bce7713,2024-11-10,0.0,4512.64906,1,0.0,0.0,Extreme Greed,Infrequent,0
0x430f09841d65beb3f27765503d0f850b8bce7713,2024-12-08,0.0,3054.266604,1,0.0,3.9,Extreme Greed,Infrequent,0
0x47add9a56df66b524d5e2c1993a43cde53b6ed85,2024-01-12,197.422418,37.5,4,0.5,0.5274725274725275,Greed,Infrequent,1
0x47add9a56df66b524d5e2c1993a43cde53b6ed85,2024-03-12,30.727222,416.5533333333333,42,0.023809523809523808,0.8292682926829268,Extreme Greed,Frequent,1
0x47add9a56df66b524d5e2c1993a43cde53b6ed85,2024-04-12,910.584797,2090.8368627450977,102,0.13725490196078433,0.42857142857142855,Extreme Greed,Frequent,1
0x47add9a56df66b524d5e2c1993a43cde53b6ed85,2024-05-12,3174.023699,204.54506896551723,290,0.36551724137931035,0.7245283018867924,Greed,Frequent,1
0x47add9a56df66b524d5e2c1993a43cde53b6ed85,2024-06-12,514.886454,182.41962962962964,108,0.2962962962962963,1.0301507537688441,Greed,Frequent,1
0x47add9a56df66b524d5e2c1993a43cde53b6ed85,2024-07-12,1040.616939,7079.482244444444,180,0.35,0.5641025641025641,Fear,Frequent,1
0x47add9a56df66b524d5e2c1993a43cde53b6ed85,2024-08-12,227.072158,4883.850724637681,69,0.36231884057971014,0.24188790560471976,Fear,Frequent,1
0x47add9a56df66b524d5e2c1993a43cde53b6ed85,2024-09-12,311.290605,1435.6236363636363,55,0.34545454545454546,5.352941176470588,Fear,Frequent,1
0x47add9a56df66b524d5e2c1993a43cde53b6ed85,2024-10-12,1474.670598,839.0279735164836,182,0.36813186813186816,0.4967197750702905,Neutral,Frequent,1
0x47add9a56df66b524d5e2c1993a43cde53b6ed85,2024-11-12,1157.689489,243.03382830769232,325,0.3353846153846154,0.16270218839200762,Extreme Greed,Frequent,1
0x47add9a56df66b524d5e2c1993a43cde53b6ed85,2024-12-12,574.398074,1899.3781441509436,159,0.2893081761006289,0.27843915343915343,Extreme Greed,Frequent,1
0x47add9a56df66b524d5e2c1993a43cde53b6ed85,2025-01-01,17.784696,123.2695375,16,0.1875,2.3448275862068964,Greed,Infrequent,1
0x47add9a56df66b524d5e2c1993a43cde53b6ed85,2025-01-02,526.448209,470.0766581818181,33,0.696969696969697,1.243816254416961,Greed,Frequent,1
0x47add9a56df66b524d5e2c1993a43cde53b6ed85,2025-01-03,109.593094,257.22104,27,0.4444444444444444,1.5,Greed,Frequent,1
0x47add9a56df66b524d5e2c1993a43cde53b6ed85,2025-01-04,-680.287463,644.4147842105264,19,0.3157894736842105,0.9108910891089109,Greed,Infrequent,0
0x47add9a56df66b524d5e2c1993a43cde53b6ed85,2025-01-05,37.385304,947.1585714285713,7,0.14285714285714285,1.2587155963302752,Greed,Infrequent,1
0x47add9a56df66b524d5e2c1993a43cde53b6ed85,2025-02-01,677.276764,147.7093318888889,90,0.4777777777777778,0.4196078431372549,Greed,Frequent,1
0x47add9a56df66b524d5e2c1993a43cde53b6ed85,2025-02-02,-782.6517170000001,192.48390333333333,108,0.25,1.7104722792607803,Greed,Frequent,0
0x47add9a56df66b524d5e2c1993a43cde53b6ed85,2025-02-03,349.12092600000005,86.46293523809524,21,0.38095238095238093,1.057915057915058,Fear,Infrequent,1
0x47add9a56df66b524d5e2c1993a43cde53b6ed85,2025-02-04,93.006465,1357.98,4,0.75,0.13487881981032665,Greed,Infrequent,1
0x47add9a56df66b524d5e2c1993a43cde53b6ed85,2025-03-01,846.655814,170.75676470588235,102,0.23529411764705882,0.4970588235294118,Extreme Fear,Frequent,1
0x47add9a56df66b524d5e2c1993a43cde53b6ed85,2025-03-02,2440.916534,178.0363058241758,182,0.4010989010989011,0.8457364341085272,Fear,Frequent,1
0x47add9a56df66b524d5e2c1993a43cde53b6ed85,2025-03-03,376.017126,33.314747878787884,33,0.36363636363636365,2.582125603864734,Fear,Frequent,1
0x47add9a56df66b524d5e2c1993a43cde53b6ed85,2025-03-04,7.052034,72.85693571428571,14,0.14285714285714285,1.205548549810845,Extreme Fear,Infrequent,1
0x47add9a56df66b524d5e2c1993a43cde53b6ed85,2025-04-01,73.451675,133.69466385964913,57,0.2631578947368421,0.25675675675675674,Fear,Frequent,1
0x47add9a56df66b524d5e2c1993a43cde53b6ed85,2025-04-02,874.3810560000001,271.5748352941177,34,0.47058823529411764,0.8343065693430657,Fear,Frequent,1
0x47add9a56df66b524d5e2c1993a43cde53b6ed85,2025-04-03,444.266681,137.927883125,32,0.21875,2.668702290076336,Fear,Frequent,1
0x47add9a56df66b524d5e2c1993a43cde53b6ed85,2025-04-04,0.0,26.555,2,0.0,0.6447028423772609,Fear,Infrequent,0
0x47add9a56df66b524d5e2c1993a43cde53b6ed85,2025-05-01,8.594753,118.60413947368421,38,0.10526315789473684,0.37142857142857144,Neutral,Frequent,1
0x47add9a56df66b524d5e2c1993a43cde53b6ed85,2025-05-02,32.72269,73.33592666666667,3,0.3333333333333333,1.1313628899835797,Greed,Infrequent,1
0x4acb90e786d897ecffb614dc822eb231b4ffb9f4,2025-02-04,444.205198,0.432335,16,0.625,0.13487881981032665,Greed,Infrequent,1
0x4acb90e786d897ecffb614dc822eb231b4ffb9f4,2025-03-03,0.0,64.43,19,0.0,2.582125603864734,Fear,Infrequent,0
0x4acb90e786d897ecffb614dc822eb231b4ffb9f4,2025-03-04,0.0,143.82683333333335,60,0.0,1.205548549810845,Extreme Fear,Frequent,0
0x4acb90e786d897ecffb614dc822eb231b4ffb9f4,2025-04-03,0.0,218.0430322580645,155,0.0,2.668702290076336,Fear,Frequent,0
0x4acb90e786d897ecffb614dc822eb231b4ffb9f4,2025-04-04,0.0,1395.5901960784313,51,0.0,0.6447028423772609,Fear,Frequent,0
0x4f93fead39b70a1824f981a54d4e55b278e9f760,2024-01-04,0.840939,1.3230137931034485,29,0.06896551724137931,0.6956521739130435,Greed,Frequent,1
0x4f93fead39b70a1824f981a54d4e55b278e9f760,2024-01-05,0.0,2.1303571428571426,14,0.0,14.0,Greed,Infrequent,0
0x4f93fead39b70a1824f981a54d4e55b278e9f760,2024-01-07,1202.488212,2.1456,13,0.6923076923076923,0.1016949152542373,Greed,Infrequent,1
0x4f93fead39b70a1824f981a54d4e55b278e9f760,2024-01-08,0.0,3.5240846153846155,13,0.0,4.2727272727272725,Greed,Infrequent,0
0x4f93fead39b70a1824f981a54d4e55b278e9f760,2024-01-10,0.0,0.56409,4,0.0,4.0,Greed,Infrequent,0
0x4f93fead39b70a1824f981a54d4e55b278e9f760,2024-01-11,1040.5747959999999,0.3661411111111111,9,0.2222222222222222,1.1818181818181819,Extreme Greed,Infrequent,1
0x4f93fead39b70a1824f981a54d4e55b278e9f760,2024-01-12,337.835516,0.23015037037037037,27,0.5925925925925926,0.5274725274725275,Greed,Frequent,1
0x4f93fead39b70a1824f981a54d4e55b278e9f760,2024-02-04,883.760812,1.7731054054054054,37,0.32432432432432434,0.3125,Greed,Frequent,1
0x4f93fead39b70a1824f981a54d4e55b278e9f760,2024-02-08,0.0,2.7352591888888886,36,0.0,1.9090909090909092,Greed,Frequent,0
0x4f93fead39b70a1824f981a54d4e55b278e9f760,2024-02-09,0.0,6.18285,2,0.0,2.0,Greed,Infrequent,0
0x4f93fead39b70a1824f981a54d4e55b278e9f760,2024-02-10,0.0,0.4102475,4,0.0,4.0,Greed,Infrequent,0
0x4f93fead39b70a1824f981a54d4e55b278e9f760,2024-02-11,0.0,0.29036,2,0.0,2.0,Greed,Infrequent,0
0x4f93fead39b70a1824f981a54d4e55b278e9f760,2024-02-12,754.7378,0.18413470588235295,17,0.35294117647058826,1.3565217391304347,Greed,Infrequent,1
0x4f93fead39b70a1824f981a54d4e55b278e9f760,2024-03-05,5319.861625,3.933582608695652,23,0.6956521739130435,0.08823529411764706,Extreme Greed,Frequent,1
0x4f93fead39b70a1824f981a54d4e55b278e9f760,2024-03-07,1118.387284,3.12222,10,0.4,18.0,Extreme Greed,Infrequent,1
0x4f93fead39b70a1824f981a54d4e55b278e9f760,2024-03-08,0.0,2.9494769230769227,13,0.0,18.0,Extreme Greed,Infrequent,0
0x4f93fead39b70a1824f981a54d4e55b278e9f760,2024-03-10,0.0,0.4975975,4,0.0,1.5,Extreme Greed,Infrequent,0
0x4f93fead39b70a1824f981a54d4e55b278e9f760,2024-03-11,0.0,0.404545,4,0.0,6.0,Extreme Greed,Infrequent,0
0x4f93fead39b70a1824f981a54d4e55b278e9f760,2024-03-12,1467.1002210000001,0.3291688888888889,9,0.4444444444444444,0.8292682926829268,Extreme Greed,Infrequent,1
0x4f93fead39b70a1824f981a54d4e55b278e9f760,2024-04-04,0.0,0.8838843749999999,32,0.0,0.0,Greed,Frequent,0
0x4f93fead39b70a1824f981a54d4e55b278e9f760,2024-04-05,0.0,2.8804833333333337,6,0.0,0.0,Extreme Greed,Infrequent,0
0x4f93fead39b70a1824f981a54d4e55b278e9f760,2024-04-07,0.0,5.7646999999999995,14,0.0,25.0,Extreme Greed,Infrequent,0
0x4f93fead39b70a1824f981a54d4e55b278e9f760,2024-04-08,-108604.496278,4.6883875,72,0.0,0.8823529411764706,Extreme Greed,Frequent,0
0x4f93fead39b70a1824f981a54d4e55b278e9f760,2024-04-09,0.0,14.7408,1,0.0,7.75,Extreme Greed,Infrequent,0
0x4f93fead39b70a1824f981a54d4e55b278e9f760,2024-04-11,2259.351364,0.24145,26,0.5,0.5416666666666666,Extreme Greed,Frequent,1
0x4f93fead39b70a1824f981a54d4e55b278e9f760,2024-04-12,291.35271,0.2093730769230769,13,0.23076923076923078,0.42857142857142855,Extreme Greed,Infrequent,1
0x4f93fead39b70a1824f981a54d4e55b278e9f760,2024-05-04,4444.4983010000005,5.27373,10,0.7,0.20238095238095238,Greed,Infrequent,1
0x4f93fead39b70a1824f981a54d4e55b278e9f760,2024-05-05,0.0,1.9072,4,0.0,0.16666666666666666,Greed,Infrequent,0
0x4f93fead39b70a1824f981a54d4e55b278e9f760,2024-05-07,0.0,4.59095,20,0.0,32.0,Greed,Infrequent,0
0x4f93fead39b70a1824f981a54d4e55b278e9f760,2024-05-08,-4779.219012,5.023394117647059,17,0.0,1.025,Greed,Infrequent,0
0x4f93fead39b70a1824f981a54d4e55b278e9f760,2024-05-10,5767.161892,0.2700588888888889,36,0.6666666666666666,0.3103448275862069,Greed,Frequent,1
0x4f93fead39b70a1824f981a54d4e55b278e9f760,2024-05-11,678.4759280000001,0.296249,10,0.5,0.8333333333333334,Neutral,Infrequent,1
0x4f93fead39b70a1824f981a54d4e55b278e9f760,2024-05-12,1435.68724,0.40217526315789476,19,0.10526315789473684,0.7245283018867924,Greed,Infrequent,1
0x4f93fead39b70a1824f981a54d4e55b278e9f760,2024-06-04,236.33513399999998,1.28005,16,0.25,0.0,Greed,Infrequent,1
0x4f93fead39b70a1824f981a54d4e55b278e9f760,2024-06-05,968.59038,7.342155555555554,9,0.4444444444444444,4.0,Extreme Greed,Infrequent,1
0x4f93fead39b70a1824f981a54d4e55b278e9f760,2024-06-09,0.0,3.908275,4,0.0,0.10256410256410256,Extreme Greed,Infrequent,0
0x4f93fead39b70a1824f981a54d4e55b278e9f760,2024-06-10,130.487079,0.2190022727272727,22,0.22727272727272727,0.35294117647058826,Greed,Frequent,1
0x4f93fead39b70a1824f981a54d4e55b278e9f760,2024-06-11,2821.24842,0.13947500000000002,12,0.5833333333333334,0.6,Greed,Infrequent,1
0x4f93fead39b70a1824f981a54d4e55b278e9f760,2024-06-12,7206.315268,0.25406254237288134,59,0.3559322033898305,1.0301507537688441,Greed,Frequent,1
0x4f93fead39b70a1824f981a54d4e55b278e9f760,2024-07-04,0.0,0.6396869565217391,23,0.0,0.0,Fear,Frequent,0
0x4f93fead39b70a1824f981a54d4e55b278e9f760,2024-07-05,656.21704,3.2019599999999997,10,0.7,0.46153846153846156,Fear,Infrequent,1
0x4f93fead39b70a1824f981a54d4e55b278e9f760,2024-07-06,7329.223137999999,4.096413461538462,52,0.5769230769230769,0.6961538461538461,Fear,Frequent,1
0x4f93fead39b70a1824f981a54d4e55b278e9f760,2024-07-10,0.0,0.16447142857142857,21,0.0,0.0,Fear,Infrequent,0
0x4f93fead39b70a1824f981a54d4e55b278e9f760,2024-07-11,628.96246,0.40138,2,0.5,0.8688524590163934,Fear,Infrequent,1
0x4f93fead39b70a1824f981a54d4e55b278e9f760,2024-07-12,2342.996384,0.499445,4,1.0,0.5641025641025641,Fear,Infrequent,1
0x4f93fead39b70a1824f981a54d4e55b278e9f760,2024-08-04,0.0,1.644607142857143,28,0.0,0.03333333333333333,Fear,Frequent,0
0x4f93fead39b70a1824f981a54d4e55b278e9f760,2024-08-05,0.0,2.1883500000000002,10,0.0,6.0,Fear,Infrequent,0
0x4f93fead39b70a1824f981a54d4e55b278e9f760,2024-08-06,0.0,1.7429285714285712,7,0.0,2.3333333333333335,Extreme Fear,Infrequent,0
0x4f93fead39b70a1824f981a54d4e55b278e9f760,2024-08-10,5396.546638,0.6042928285714285,35,0.9428571428571428,11.333333333333334,Fear,Frequent,1
0x4f93fead39b70a1824f981a54d4e55b278e9f760,2024-08-11,646.3734049999999,0.13176833333333335,24,0.25,1.3529411764705883,Fear,Frequent,1
0x4f93fead39b70a1824f981a54d4e55b278e9f760,2024-08-12,0.0,0.08575714285714287,7,0.0,0.24188790560471976,Fear,Infrequent,0
0x4f93fead39b70a1824f981a54d4e55b278e9f760,2024-09-04,0.0,5.4326333333333325,3,0.0,0.0,Fear,Infrequent,0
0x4f93fead39b70a1824f981a54d4e55b278e9f760,2024-09-05,1147.595856,2.895936,25,0.44,0.45,Fear,Frequent,1
0x4f93fead39b70a1824f981a54d4e55b278e9f760,2024-09-06,0.0,1.13354,5,0.0,17.0,Extreme Fear,Infrequent,0
0x4f93fead39b70a1824f981a54d4e55b278e9f760,2024-09-08,11147.900554,4.148116666666667,12,0.75,0.5934065934065934,Fear,Infrequent,1
0x4f93fead39b70a1824f981a54d4e55b278e9f760,2024-09-10,396.06272,0.25424285714285716,14,0.21428571428571427,2.75,Fear,Infrequent,1
0x4f93fead39b70a1824f981a54d4e55b278e9f760,2024-09-11,0.0,0.21898888888888887,9,0.0,1.5588235294117647,Fear,Infrequent,0
0x4f93fead39b70a1824f981a54d4e55b278e9f760,2024-09-12,2350.499742,0.21195882352941176,17,0.4117647058823529,5.352941176470588,Fear,Infrequent,1
0x4f93fead39b70a1824f981a54d4e55b278e9f760,2024-10-04,5207.443414,2.5000170731707314,41,0.8780487804878049,20.0,Fear,Frequent,1
0x4f93fead39b70a1824f981a54d4e55b278e9f760,2024-10-05,2101.741695,2.4248045454545455,22,0.2727272727272727,2.2857142857142856,Neutral,Frequent,1
0x4f93fead39b70a1824f981a54d4e55b278e9f760,2024-10-06,0.0,1.635475,4,0.0,0.6875,Neutral,Infrequent,0
0x4f93fead39b70a1824f981a54d4e55b278e9f760,2024-10-07,11595.627026,4.981495348837209,43,0.7674418604651163,0.2127659574468085,Neutral,Frequent,1
0x4f93fead39b70a1824f981a54d4e55b278e9f760,2024-10-10,0.0,0.315561875,16,0.0,16.0,Fear,Infrequent,0
0x4f93fead39b70a1824f981a54d4e55b278e9f760,2024-10-11,548.36595,0.29348874999999996,8,0.75,0.38095238095238093,Fear,Infrequent,1
0x4f93fead39b70a1824f981a54d4e55b278e9f760,2024-10-12,3986.312514,0.20147694444444444,36,0.3333333333333333,0.4967197750702905,Neutral,Frequent,1
0x4f93fead39b70a1824f981a54d4e55b278e9f760,2024-11-04,389.743164,1.34810625,16,0.125,4.666666666666667,Greed,Infrequent,1
0x4f93fead39b70a1824f981a54d4e55b278e9f760,2024-11-05,251.604742,2.4046444444444446,9,1.0,0.0,Greed,Infrequent,1
0x4f93fead39b70a1824f981a54d4e55b278e9f760,2024-11-06,0.0,3.7423761904761905,21,0.0,11.4,Greed,Infrequent,0
0x4f93fead39b70a1824f981a54d4e55b278e9f760,2024-11-07,1876.812082,2.832973684210526,19,0.47368421052631576,1.0,Extreme Greed,Infrequent,1
0x4f93fead39b70a1824f981a54d4e55b278e9f760,2024-11-08,847.7766200000001,1.9058125,8,0.5,1.7777777777777777,Extreme Greed,Infrequent,1
0x4f93fead39b70a1824f981a54d4e55b278e9f760,2024-11-10,8885.327477,0.3182728,25,0.72,0.0,Extreme Greed,Frequent,1
0x4f93fead39b70a1824f981a54d4e55b278e9f760,2024-11-11,1479.677222,0.20770650000000002,20,0.45,0.3357142857142857,Extreme Greed,Infrequent,1
0x4f93fead39b70a1824f981a54d4e55b278e9f760,2024-11-12,1083.777057,0.23895966666666665,30,0.26666666666666666,0.16270218839200762,Extreme Greed,Frequent,1
0x4f93fead39b70a1824f981a54d4e55b278e9f760,2024-12-04,0.0,2.117061904761905,21,0.0,0.4942528735632184,Extreme Greed,Infrequent,0
0x4f93fead39b70a1824f981a54d4e55b278e9f760,2024-12-05,0.0,1.5390599999999999,10,0.0,2.4285714285714284,Extreme Greed,Infrequent,0
0x4f93fead39b70a1824f981a54d4e55b278e9f760,2024-12-07,0.0,2.47182,10,0.0,19.0,Extreme Greed,Infrequent,0
0x4f93fead39b70a1824f981a54d4e55b278e9f760,2024-12-08,858.6705000000001,1.0760375,16,0.375,3.9,Extreme Greed,Infrequent,1
0x4f93fead39b70a1824f981a54d4e55b278e9f760,2024-12-10,541.55471,0.254599,10,0.7,1.75,Extreme Greed,Infrequent,1
0x4f93fead39b70a1824f981a54d4e55b278e9f760,2024-12-11,2053.119744,1.1202693243243242,74,0.16216216216216217,1.3243243243243243,Greed,Frequent,1
0x4f93fead39b70a1824f981a54d4e55b278e9f760,2024-12-12,0.0,0.1202616129032258,31,0.0,0.27843915343915343,Extreme Greed,Frequent,0
0x4f93fead39b70a1824f981a54d4e55b278e9f760,2025-01-01,0.0,0.53412,1,0.0,2.3448275862068964,Greed,Infrequent,0
0x4f93fead39b70a1824f981a54d4e55b278e9f760,2025-01-02,0.0,0.2208025,4,0.0,1.243816254416961,Greed,Infrequent,0
0x4f93fead39b70a1824f981a54d4e55b278e9f760,2025-01-04,1402.082488,0.084534,20,0.4,0.9108910891089109,Greed,Infrequent,1
0x4f93fead39b70a1824f981a54d4e55b278e9f760,2025-01-05,1220.746604,0.1516392857142857,14,0.5,1.2587155963302752,Greed,Infrequent,1
0x4f93fead39b70a1824f981a54d4e55b278e9f760,2025-02-01,2399.9471460000004,0.20496052631578948,19,0.42105263157894735,0.4196078431372549,Greed,Infrequent,1
0x4f93fead39b70a1824f981a54d4e55b278e9f760,2025-02-02,0.0,0.25600266666666666,30,0.0,1.7104722792607803,Greed,Frequent,0
0x4f93fead39b70a1824f981a54d4e55b278e9f760,2025-02-03,11005.991600000001,0.46190653846153845,26,0.8076923076923077,1.057915057915058,Fear,Frequent,1
0x4f93fead39b70a1824f981a54d4e55b278e9f760,2025-02-04,0.0,0.23584,1,0.0,0.13487881981032665,Greed,Infrequent,0
0x4f93fead39b70a1824f981a54d4e55b278e9f760,2025-03-01,3084.287743,0.09888270833333333,48,0.6041666666666666,0.4970588235294118,Extreme Fear,Frequent,1
0x4f93fead39b70a1824f981a54d4e55b278e9f760,2025-03-03,1136.272279,0.28997083333333334,12,0.5,2.582125603864734,Fear,Infrequent,1
0x4f93fead39b70a1824f981a54d4e55b278e9f760,2025-03-04,0.0,0.37462111111111107,9,0.0,1.205548549810845,Extreme Fear,Infrequent,0
0x4f93fead39b70a1824f981a54d4e55b278e9f760,2025-04-01,0.0,0.07290428571428571,14,0.0,0.25675675675675674,Fear,Infrequent,0
0x4f93fead39b70a1824f981a54d4e55b278e9f760,2025-04-02,6403.5061239999995,0.9514766666666667,9,1.0,0.8343065693430657,Fear,Infrequent,1
0x4f93fead39b70a1824f981a54d4e55b278e9f760,2025-04-03,8002.939313,0.30674,59,0.4745762711864407,2.668702290076336,Fear,Frequent,1
0x4f93fead39b70a1824f981a54d4e55b278e9f760,2025-04-04,4591.427138999999,0.24051380952380952,21,0.6190476190476191,0.6447028423772609,Fear,Infrequent,1
0x4f93fead39b70a1824f981a54d4e55b278e9f760,2025-05-01,890.33157,0.1980636842105263,19,0.21052631578947367,0.37142857142857144,Neutral,Infrequent,1
0x4f93fead39b70a1824f981a54d4e55b278e9f760,2025-05-02,0.0,0.17225666666666664,9,0.0,1.1313628899835797,Greed,Infrequent,0
0x513b8629fe877bb581bf244e326a047b249c4ff1,2024-09-12,0.0,134.83666666666667,42,0.0,5.352941176470588,Fear,Frequent,0
0x513b8629fe877bb581bf244e326a047b249c4ff1,2024-12-12,0.0,181.47258426966292,89,0.0,0.27843915343915343,Extreme Greed,Frequent,0
0x513b8629fe877bb581bf244e326a047b249c4ff1,2025-01-04,0.0,1002.0907692307693,13,0.0,0.9108910891089109,Greed,Infrequent,0
0x513b8629fe877bb581bf244e326a047b249c4ff1,2025-01-05,60544.304874,153.33319148936172,329,0.7173252279635258,1.2587155963302752,Greed,Frequent,1
0x513b8629fe877bb581bf244e326a047b249c4ff1,2025-03-04,0.0,185.6365306122449,49,0.0,1.205548549810845,Extreme Fear,Frequent,0
0x6d6a4b953f202f8df5bed40692e7fd865318264a,2024-11-12,698.009722,8.75,8,1.0,0.16270218839200762,Extreme Greed,Infrequent,1
0x6d6a4b953f202f8df5bed40692e7fd865318264a,2024-12-12,362.84131,7.5,4,1.0,0.27843915343915343,Extreme Greed,Infrequent,1
0x6d6a4b953f202f8df5bed40692e7fd865318264a,2025-01-02,0.0,75.852,5,0.0,1.243816254416961,Greed,Infrequent,0
0x6d6a4b953f202f8df5bed40692e7fd865318264a,2025-01-04,132.71954399999998,400.38705500000003,14,0.2857142857142857,0.9108910891089109,Greed,Infrequent,1
0x6d6a4b953f202f8df5bed40692e7fd865318264a,2025-02-04,234.497751,164.6098094117647,34,0.2647058823529412,0.13487881981032665,Greed,Frequent,1
0x6d6a4b953f202f8df5bed40692e7fd865318264a,2025-03-04,298.031364,206.4630335,20,0.25,1.205548549810845,Extreme Fear,Infrequent,1
0x6d6a4b953f202f8df5bed40692e7fd865318264a,2025-04-04,392.35488599999996,7460.666823333333,60,0.15,0.6447028423772609,Fear,Frequent,1
0x72743ae2822edd658c0c50608fd7c5c501b2afbd,2025-04-01,0.0,3.1914893617021276,141,0.0,0.25675675675675674,Fear,Frequent,0
0x72c6a4624e1dffa724e6d00d64ceae698af892a0,2024-12-12,0.0,78.05882352941177,17,0.0,0.27843915343915343,Extreme Greed,Infrequent,0
0x72c6a4624e1dffa724e6d00d64ceae698af892a0,2025-01-03,0.0,17142.85714285714,14,0.0,1.5,Greed,Infrequent,0
0x72c6a4624e1dffa724e6d00d64ceae698af892a0,2025-02-01,0.0,346.6666666666667,3,0.0,0.4196078431372549,Greed,Infrequent,0
0x72c6a4624e1dffa724e6d00d64ceae698af892a0,2025-02-02,0.0,21648.64864864865,37,0.0,1.7104722792607803,Greed,Frequent,0
0x72c6a4624e1dffa724e6d00d64ceae698af892a0,2025-02-03,10915.212,73.92,25,1.0,1.057915057915058,Fear,Frequent,1
0x72c6a4624e1dffa724e6d00d64ceae698af892a0,2025-03-01,0.0,250.0,6,0.0,0.4970588235294118,Extreme Fear,Infrequent,0
0x72c6a4624e1dffa724e6d00d64ceae698af892a0,2025-03-03,17247.427499999998,684.375,16,0.625,2.582125603864734,Fear,Infrequent,1
0x72c6a4624e1dffa724e6d00d64ceae698af892a0,2025-04-01,0.0,90.0,1,0.0,0.25675675675675674,Fear,Infrequent,0
0x72c6a4624e1dffa724e6d00d64ceae698af892a0,2025-04-02,0.0,4000.0,1,0.0,0.8343065693430657,Fear,Infrequent,0
0x72c6a4624e1dffa724e6d00d64ceae698af892a0,2025-04-03,169132.29611,964.6709677419354,155,0.4967741935483871,2.668702290076336,Fear,Frequent,1
0x72c6a4624e1dffa724e6d00d64ceae698af892a0,2025-05-01,0.0,112.5,8,0.0,0.37142857142857144,Neutral,Infrequent,0
0x75f7eeb85dc639d5e99c78f95393aa9a5f1170d4,2024-01-03,8244.241409,189669.1678832117,137,0.9343065693430657,0.36633663366336633,Greed,Frequent,1
0x75f7eeb85dc639d5e99c78f95393aa9a5f1170d4,2024-01-04,2507.122467,199237.33333333334,48,0.8333333333333334,0.6956521739130435,Greed,Frequent,1
0x75f7eeb85dc639d5e99c78f95393aa9a5f1170d4,2024-02-03,1674.715167,26290.916666666668,24,0.875,7.0,Greed,Frequent,1
0x75f7eeb85dc639d5e99c78f95393aa9a5f1170d4,2024-03-03,8361.086245,617403.642278481,79,0.6835443037974683,0.8181818181818182,Extreme Greed,Frequent,1
0x75f7eeb85dc639d5e99c78f95393aa9a5f1170d4,2024-03-04,126.7884,738.0,2,0.5,1.5,Extreme Greed,Infrequent,1
0x75f7eeb85dc639d5e99c78f95393aa9a5f1170d4,2024-03-05,-13.844579999999999,34.0,7,0.14285714285714285,0.08823529411764706,Extreme Greed,Infrequent,0
0x75f7eeb85dc639d5e99c78f95393aa9a5f1170d4,2024-04-03,26773.771643,128482.12515811845,287,0.8815331010452961,1.15,Greed,Frequent,1
0x75f7eeb85dc639d5e99c78f95393aa9a5f1170d4,2024-05-03,19791.026041,249929.40555555557,180,0.9055555555555556,0.4365079365079365,Neutral,Frequent,1
0x75f7eeb85dc639d5e99c78f95393aa9a5f1170d4,2024-05-04,5296.433789,2460.1951219512193,82,0.9146341463414634,0.20238095238095238,Greed,Frequent,1
0x75f7eeb85dc639d5e99c78f95393aa9a5f1170d4,2024-05-05,0.916,4.0,2,0.5,0.16666666666666666,Greed,Infrequent,1
0x75f7eeb85dc639d5e99c78f95393aa9a5f1170d4,2024-06-03,6814.825139,133599.34146341463,82,0.8780487804878049,1.4411764705882353,Greed,Frequent,1
0x75f7eeb85dc639d5e99c78f95393aa9a5f1170d4,2024-07-05,0.0,6.0,1,0.0,0.46153846153846156,Fear,Infrequent,0
0x75f7eeb85dc639d5e99c78f95393aa9a5f1170d4,2024-08-03,4271.886236,51466.72835820895,67,0.8805970149253731,0.3877551020408163,Fear,Frequent,1
0x75f7eeb85dc639d5e99c78f95393aa9a5f1170d4,2024-08-04,1218.4267,5723.0,2,0.5,0.03333333333333333,Fear,Infrequent,1
0x75f7eeb85dc639d5e99c78f95393aa9a5f1170d4,2024-08-05,1.56576,72.66666666666667,3,0.3333333333333333,6.0,Fear,Infrequent,1
0x75f7eeb85dc639d5e99c78f95393aa9a5f1170d4,2024-09-03,9949.501624,153711.76666666666,117,0.8290598290598291,2.3714285714285714,Fear,Frequent,1
0x75f7eeb85dc639d5e99c78f95393aa9a5f1170d4,2024-09-12,0.01574,0.3114285714285714,7,0.42857142857142855,5.352941176470588,Fear,Infrequent,1
0x75f7eeb85dc639d5e99c78f95393aa9a5f1170d4,2024-10-03,2482.9272,762.8590476190477,42,0.6904761904761905,7.6,Fear,Frequent,1
0x75f7eeb85dc639d5e99c78f95393aa9a5f1170d4,2024-10-12,3634.56814,1791.2738954248366,153,0.9607843137254902,0.4967197750702905,Neutral,Frequent,1
0x75f7eeb85dc639d5e99c78f95393aa9a5f1170d4,2024-11-03,3588.179495,3318.3571428571427,42,0.9285714285714286,0.3870967741935484,Greed,Frequent,1
0x75f7eeb85dc639d5e99c78f95393aa9a5f1170d4,2024-11-12,1567.4026840000001,4086.521739130435,23,0.34782608695652173,0.16270218839200762,Extreme Greed,Frequent,1
0x75f7eeb85dc639d5e99c78f95393aa9a5f1170d4,2024-12-03,3039.166,1425.5,8,0.875,0.125,Extreme Greed,Infrequent,1
0x75f7eeb85dc639d5e99c78f95393aa9a5f1170d4,2024-12-04,2237.798674,183603.1677419355,93,0.7634408602150538,0.4942528735632184,Extreme Greed,Frequent,1
0x75f7eeb85dc639d5e99c78f95393aa9a5f1170d4,2024-12-12,323.34897900000016,12218.442307692309,52,0.07692307692307693,0.27843915343915343,Extreme Greed,Frequent,1
0x75f7eeb85dc639d5e99c78f95393aa9a5f1170d4,2025-01-02,9609.447365,42093.36148648649,148,0.7702702702702703,1.243816254416961,Greed,Frequent,1
0x75f7eeb85dc639d5e99c78f95393aa9a5f1170d4,2025-02-01,3429.9583199999997,3599.4150943396226,53,0.9433962264150944,0.4196078431372549,Greed,Frequent,1
0x75f7eeb85dc639d5e99c78f95393aa9a5f1170d4,2025-02-03,948.6016900000001,13560.833333333334,12,0.9166666666666666,1.057915057915058,Fear,Infrequent,1
0x75f7eeb85dc639d5e99c78f95393aa9a5f1170d4,2025-02-04,90.98474,236324.0,11,0.8181818181818182,0.13487881981032665,Greed,Infrequent,1
0x75f7eeb85dc639d5e99c78f95393aa9a5f1170d4,2025-03-02,14982.681725,34685.58337891738,351,0.7492877492877493,0.8457364341085272,Fear,Frequent,1
0x75f7eeb85dc639d5e99c78f95393aa9a5f1170d4,2025-03-03,-370.250064,7062.962376237623,101,0.6039603960396039,2.582125603864734,Fear,Frequent,0
0x75f7eeb85dc639d5e99c78f95393aa9a5f1170d4,2025-04-02,1985.815595,5234.8421052631575,76,0.9736842105263158,0.8343065693430657,Fear,Frequent,1
0x75f7eeb85dc639d5e99c78f95393aa9a5f1170d4,2025-05-02,14.590934,3200.43,20,0.75,1.1313628899835797,Greed,Infrequent,1
0x7f4f299f74eec87806a830e3caa9afa5f2b9db8f,2025-01-01,0.0,313.13,3,0.0,2.3448275862068964,Greed,Infrequent,0
0x7f4f299f74eec87806a830e3caa9afa5f2b9db8f,2025-02-01,1008.518954,264.96666666666664,9,0.5555555555555556,0.4196078431372549,Greed,Infrequent,1
0x7f4f299f74eec87806a830e3caa9afa5f2b9db8f,2025-03-01,937.789615,84.83192307692308,26,0.6538461538461539,0.4970588235294118,Extreme Fear,Frequent,1
0x7f4f299f74eec87806a830e3caa9afa5f2b9db8f,2025-05-01,1093.05677,71.75285714285714,7,1.0,0.37142857142857144,Neutral,Infrequent,1
0x8170715b3b381dffb7062c0298972d4727a0a63b,2025-01-02,0.0,402.8888888888889,18,0.0,1.243816254416961,Greed,Infrequent,0
0x8170715b3b381dffb7062c0298972d4727a0a63b,2025-01-04,4004.50286,2558.206737692308,13,0.9230769230769231,0.9108910891089109,Greed,Infrequent,1
0x8170715b3b381dffb7062c0298972d4727a0a63b,2025-02-01,739.18423,314.8333333333333,3,1.0,0.4196078431372549,Greed,Infrequent,1
0x8170715b3b381dffb7062c0298972d4727a0a63b,2025-02-02,0.0,800.1033333333332,30,0.0,1.7104722792607803,Greed,Frequent,0
0x8170715b3b381dffb7062c0298972d4727a0a63b,2025-02-03,0.0,2906.95,2,0.0,1.057915057915058,Fear,Infrequent,0
0x8170715b3b381dffb7062c0298972d4727a0a63b,2025-02-04,8045.056928,3648.457142857143,7,1.0,0.13487881981032665,Greed,Infrequent,1
0x8170715b3b381dffb7062c0298972d4727a0a63b,2025-03-02,13770.715332,272.0857142857143,119,0.8067226890756303,0.8457364341085272,Fear,Frequent,1
0x8170715b3b381dffb7062c0298972d4727a0a63b,2025-03-03,0.0,694.4375,8,0.0,2.582125603864734,Fear,Infrequent,0
0x8170715b3b381dffb7062c0298972d4727a0a63b,2025-03-04,0.0,1786.7718330588236,85,0.0,1.205548549810845,Extreme Fear,Frequent,0
0x8170715b3b381dffb7062c0298972d4727a0a63b,2025-04-02,0.0,447.5111111111111,45,0.0,0.8343065693430657,Fear,Frequent,0
0x8170715b3b381dffb7062c0298972d4727a0a63b,2025-04-03,6939.47356,1192.55,16,0.8125,2.668702290076336,Fear,Infrequent,1
0x8170715b3b381dffb7062c0298972d4727a0a63b,2025-04-04,4805.345609999999,1374.6776470588236,68,0.10294117647058823,0.6447028423772609,Fear,Frequent,1
0x8170715b3b381dffb7062c0298972d4727a0a63b,2025-05-02,0.0,361.816,25,0.0,1.1313628899835797,Greed,Frequent,0
0x8381e6d82f1affd39a336e143e081ef7620a3b7f,2024-01-12,0.0,32115.0,3,0.0,0.5274725274725275,Greed,Infrequent,0
0x8381e6d82f1affd39a336e143e081ef7620a3b7f,2024-02-12,0.0,82.78333333333333,6,0.0,1.3565217391304347,Greed,Infrequent,0
0x8381e6d82f1affd39a336e143e081ef7620a3b7f,2024-04-12,33.26141600000001,9695.221000000001,10,0.2,0.42857142857142855,Extreme Greed,Infrequent,1
0x8381e6d82f1affd39a336e143e081ef7620a3b7f,2024-05-12,0.0,21.71,2,0.0,0.7245283018867924,Greed,Infrequent,0
0x8381e6d82f1affd39a336e143e081ef7620a3b7f,2024-06-12,0.0,23.22,1,0.0,1.0301507537688441,Greed,Infrequent,0
0x8381e6d82f1affd39a336e143e081ef7620a3b7f,2024-07-12,0.0,72.27666666666666,3,0.0,0.5641025641025641,Fear,Infrequent,0
0x8381e6d82f1affd39a336e143e081ef7620a3b7f,2024-08-12,-21.54374,211.67200000000003,5,0.0,0.24188790560471976,Fear,Infrequent,0
0x8381e6d82f1affd39a336e143e081ef7620a3b7f,2024-09-12,0.0,33.455,4,0.0,5.352941176470588,Fear,Infrequent,0
0x8381e6d82f1affd39a336e143e081ef7620a3b7f,2024-10-12,0.0,47.88,1,0.0,0.4967197750702905,Neutral,Infrequent,0
0x8381e6d82f1affd39a336e143e081ef7620a3b7f,2025-01-01,0.0,8.448,5,0.0,2.3448275862068964,Greed,Infrequent,0
0x8381e6d82f1affd39a336e143e081ef7620a3b7f,2025-02-02,0.0,80.30052631578947,19,0.0,1.7104722792607803,Greed,Infrequent,0
0x8381e6d82f1affd39a336e143e081ef7620a3b7f,2025-03-02,0.0,109.02875,8,0.0,0.8457364341085272,Fear,Infrequent,0
0x8381e6d82f1affd39a336e143e081ef7620a3b7f,2025-04-01,0.0,30.799999999999997,2,0.0,0.25675675675675674,Fear,Infrequent,0
0x8381e6d82f1affd39a336e143e081ef7620a3b7f,2025-04-02,9167.620989,23.62887730769231,104,0.47115384615384615,0.8343065693430657,Fear,Frequent,1
0x8381e6d82f1affd39a336e143e081ef7620a3b7f,2025-05-01,0.0,18.51,1,0.0,0.37142857142857144,Neutral,Infrequent,0
0x8381e6d82f1affd39a336e143e081ef7620a3b7f,2025-05-02,1843.301845,90.88819571865443,327,0.3853211009174312,1.1313628899835797,Greed,Frequent,1
0x8477e447846c758f5a675856001ea72298fd9cb5,2024-01-06,91.510419,19997.52,25,0.36,0.5294117647058824,Greed,Frequent,1
0x8477e447846c758f5a675856001ea72298fd9cb5,2024-01-08,167.080017,255.7870026470588,34,0.11764705882352941,4.2727272727272725,Greed,Frequent,1
0x8477e447846c758f5a675856001ea72298fd9cb5,2024-01-09,137.433093,487.2467616666666,12,0.4166666666666667,1.1666666666666667,Extreme Greed,Infrequent,1
0x8477e447846c758f5a675856001ea72298fd9cb5,2024-01-12,1169.432253,696.8910569105692,123,0.44715447154471544,0.5274725274725275,Greed,Frequent,1
0x8477e447846c758f5a675856001ea72298fd9cb5,2024-02-06,192.906947,336.43548387096774,93,0.3655913978494624,0.5666666666666667,Greed,Frequent,1
0x8477e447846c758f5a675856001ea72298fd9cb5,2024-02-08,228.247701,2.075814,15,0.8,1.9090909090909092,Greed,Infrequent,1
0x8477e447846c758f5a675856001ea72298fd9cb5,2024-02-12,254.15562,614.575,8,0.125,1.3565217391304347,Greed,Infrequent,1
0x8477e447846c758f5a675856001ea72298fd9cb5,2024-03-06,562.808208,274.2757142857143,70,0.6285714285714286,1.6296296296296295,Extreme Greed,Frequent,1
0x8477e447846c758f5a675856001ea72298fd9cb5,2024-03-08,464.1897,30.75,1,1.0,18.0,Extreme Greed,Infrequent,1
0x8477e447846c758f5a675856001ea72298fd9cb5,2024-03-12,-158.695661,944.6999999999999,6,0.0,0.8292682926829268,Extreme Greed,Infrequent,0
0x8477e447846c758f5a675856001ea72298fd9cb5,2024-04-06,52.211438,46.85543735849057,53,0.4716981132075472,0.8620689655172413,Extreme Greed,Frequent,1
0x8477e447846c758f5a675856001ea72298fd9cb5,2024-04-08,109.005815,0.13002941176470587,17,0.17647058823529413,0.8823529411764706,Extreme Greed,Infrequent,1
0x8477e447846c758f5a675856001ea72298fd9cb5,2024-05-06,56.055506,45.408776296296296,54,0.2962962962962963,0.4473684210526316,Greed,Frequent,1
0x8477e447846c758f5a675856001ea72298fd9cb5,2024-05-08,160.44369899999998,0.04666,17,0.4117647058823529,1.025,Greed,Infrequent,1
0x8477e447846c758f5a675856001ea72298fd9cb5,2024-06-06,274.173187,303.81933333333336,234,0.42735042735042733,0.7669172932330827,Extreme Greed,Frequent,1
0x8477e447846c758f5a675856001ea72298fd9cb5,2024-07-06,1573.244278,727.4469045454546,374,0.39037433155080214,0.6961538461538461,Fear,Frequent,1
0x8477e447846c758f5a675856001ea72298fd9cb5,2024-08-06,129.13883900000002,109.68463636363636,22,0.36363636363636365,2.3333333333333335,Extreme Fear,Frequent,1
0x8477e447846c758f5a675856001ea72298fd9cb5,2024-09-08,151.092375,342.57600869565215,69,0.2463768115942029,0.5934065934065934,Fear,Frequent,1
0x8477e447846c758f5a675856001ea72298fd9cb5,2024-09-11,102.90894,1000.2717701298702,77,0.24675324675324675,1.5588235294117647,Fear,Frequent,1
0x8477e447846c758f5a675856001ea72298fd9cb5,2024-10-06,31.266804999999998,109.22448979591837,49,0.3673469387755102,0.6875,Neutral,Frequent,1
0x8477e447846c758f5a675856001ea72298fd9cb5,2024-10-11,442.748384,5096.916388902439,164,0.27439024390243905,0.38095238095238093,Fear,Frequent,1
0x8477e447846c758f5a675856001ea72298fd9cb5,2024-11-06,51.081143,226.94171333333335,27,0.3333333333333333,11.4,Greed,Frequent,1
0x8477e447846c758f5a675856001ea72298fd9cb5,2024-11-11,4876.874304,17707.331101104653,172,0.45930232558139533,0.3357142857142857,Extreme Greed,Frequent,1
0x8477e447846c758f5a675856001ea72298fd9cb5,2024-12-06,-21886.531493,167.97931953917052,217,0.0967741935483871,0.8214285714285714,Greed,Frequent,0
0x8477e447846c758f5a675856001ea72298fd9cb5,2024-12-11,1441.27965,1567.6995067032967,91,0.24175824175824176,1.3243243243243243,Greed,Frequent,1
0x8477e447846c758f5a675856001ea72298fd9cb5,2025-01-02,1579.909758,2874.3918333333336,60,0.48333333333333334,1.243816254416961,Greed,Frequent,1
0x8477e447846c758f5a675856001ea72298fd9cb5,2025-01-05,-200.94846,272.40000000000003,19,0.0,1.2587155963302752,Greed,Infrequent,0
0x8477e447846c758f5a675856001ea72298fd9cb5,2025-02-01,45.086985,1674.3636254545454,77,0.12987012987012986,0.4196078431372549,Greed,Frequent,1
0x8477e447846c758f5a675856001ea72298fd9cb5,2025-02-02,1023.934713,1811.613813,60,0.25,1.7104722792607803,Greed,Frequent,1
0x8477e447846c758f5a675856001ea72298fd9cb5,2025-03-01,909.1721379999999,1123.0011478531073,177,0.1807909604519774,0.4970588235294118,Extreme Fear,Frequent,1
0x8477e447846c758f5a675856001ea72298fd9cb5,2025-03-02,1474.607584,733.9499452173912,138,0.4855072463768116,0.8457364341085272,Fear,Frequent,1
0x8477e447846c758f5a675856001ea72298fd9cb5,2025-03-03,468.35197800000003,2624.7380613235296,68,0.3382352941176471,2.582125603864734,Fear,Frequent,1
0x8477e447846c758f5a675856001ea72298fd9cb5,2025-03-04,0.0,5.828333333333333,6,0.0,1.205548549810845,Extreme Fear,Infrequent,0
0x8477e447846c758f5a675856001ea72298fd9cb5,2025-04-01,30.818079,1197.9058215686273,51,0.0392156862745098,0.25675675675675674,Fear,Frequent,1
0x8477e447846c758f5a675856001ea72298fd9cb5,2025-04-02,0.0,22404.833333333332,6,0.0,0.8343065693430657,Fear,Infrequent,0
0x8477e447846c758f5a675856001ea72298fd9cb5,2025-04-03,54.2704,0.8040174999999999,8,0.125,2.668702290076336,Fear,Infrequent,1
0x8477e447846c758f5a675856001ea72298fd9cb5,2025-04-04,586.623362,180.23316555555556,54,0.3148148148148148,0.6447028423772609,Fear,Frequent,1
0x8477e447846c758f5a675856001ea72298fd9cb5,2025-05-01,151.429584,3875.8098039215683,51,0.17647058823529413,0.37142857142857144,Neutral,Frequent,1
0x8477e447846c758f5a675856001ea72298fd9cb5,2025-05-02,554.257954,35082.69,20,0.6,1.1313628899835797,Greed,Infrequent,1
0x92f17e8d81a944691c10e753af1b1baae1a2cd0d,2025-02-02,12245.905048999999,3550.2958579881656,169,0.4437869822485207,1.7104722792607803,Greed,Frequent,1
0xa0feb3725a9335f49874d7cd8eaad6be45b27416,2025-01-02,923.487443,50.272777777777776,18,1.0,1.243816254416961,Greed,Infrequent,1
0xa0feb3725a9335f49874d7cd8eaad6be45b27416,2025-01-05,1449.529436,21.027215902777776,288,0.3506944444444444,1.2587155963302752,Greed,Frequent,1
0xa0feb3725a9335f49874d7cd8eaad6be45b27416,2025-02-02,0.0,51.90724137931034,29,0.0,1.7104722792607803,Greed,Frequent,0
0xa0feb3725a9335f49874d7cd8eaad6be45b27416,2025-02-03,625.512206,1443.625,32,0.5,1.057915057915058,Fear,Frequent,1
0xa0feb3725a9335f49874d7cd8eaad6be45b27416,2025-03-02,2161.6751200000003,193.24396933333335,15,0.4,0.8457364341085272,Fear,Infrequent,1
0xa0feb3725a9335f49874d7cd8eaad6be45b27416,2025-03-03,60.171373,726.3688068181818,176,0.08522727272727272,2.582125603864734,Fear,Frequent,1
0xa0feb3725a9335f49874d7cd8eaad6be45b27416,2025-04-02,4624.583773,515.9312598905609,731,0.18878248974008208,0.8343065693430657,Fear,Frequent,1
0xa0feb3725a9335f49874d7cd8eaad6be45b27416,2025-04-03,0.0,20.669249999999998,40,0.0,2.668702290076336,Fear,Frequent,0
0xa0feb3725a9335f49874d7cd8eaad6be45b27416,2025-05-02,-6194.283149,925.1847711413044,368,0.12228260869565218,1.1313628899835797,Greed,Frequent,0
0xa520ded057a32086c40e7dd6ed4eb8efb82c00e0,2024-01-12,34709.852428,141.5655737704918,61,0.8032786885245902,0.5274725274725275,Greed,Frequent,1
0xa520ded057a32086c40e7dd6ed4eb8efb82c00e0,2024-03-08,0.0,3.1269375,16,0.0,18.0,Extreme Greed,Infrequent,0
0xa520ded057a32086c40e7dd6ed4eb8efb82c00e0,2024-03-12,0.0,319.5464705882353,34,0.0,0.8292682926829268,Extreme Greed,Frequent,0
0xa520ded057a32086c40e7dd6ed4eb8efb82c00e0,2024-04-08,-14176.51042,424.2031,10,0.0,0.8823529411764706,Extreme Greed,Infrequent,0
0xa520ded057a32086c40e7dd6ed4eb8efb82c00e0,2024-05-08,0.0,78266.0,2,0.0,1.025,Greed,Infrequent,0
0xa520ded057a32086c40e7dd6ed4eb8efb82c00e0,2024-07-08,0.0,2136.66,1,0.0,0.5454545454545454,Fear,Infrequent,0
0xa520ded057a32086c40e7dd6ed4eb8efb82c00e0,2024-07-11,3360.9281,540.8495789473684,95,0.5052631578947369,0.8688524590163934,Fear,Frequent,1
0xa520ded057a32086c40e7dd6ed4eb8efb82c00e0,2024-08-08,-40.712216999999995,534.11158455,4,0.0,1.0,Extreme Fear,Infrequent,0
0xa520ded057a32086c40e7dd6ed4eb8efb82c00e0,2024-08-09,0.0,0.93414,1,0.0,0.0,Neutral,Infrequent,0
0xa520ded057a32086c40e7dd6ed4eb8efb82c00e0,2024-09-08,0.0,406.98,2,0.0,0.5934065934065934,Fear,Infrequent,0
0xa520ded057a32086c40e7dd6ed4eb8efb82c00e0,2024-10-09,-219.729659,0.38105,2,0.0,0.3333333333333333,Neutral,Infrequent,0
0xa520ded057a32086c40e7dd6ed4eb8efb82c00e0,2024-10-12,0.0,1020.41,8,0.0,0.4967197750702905,Neutral,Infrequent,0
0xa520ded057a32086c40e7dd6ed4eb8efb82c00e0,2024-11-12,994.238977,731.4666666666667,15,1.0,0.16270218839200762,Extreme Greed,Infrequent,1
0xa520ded057a32086c40e7dd6ed4eb8efb82c00e0,2024-12-12,2512.437585,19527.2,4,1.0,0.27843915343915343,Extreme Greed,Infrequent,1
0xa520ded057a32086c40e7dd6ed4eb8efb82c00e0,2025-03-02,20.596691,44.01,1,1.0,0.8457364341085272,Fear,Infrequent,1
0xa520ded057a32086c40e7dd6ed4eb8efb82c00e0,2025-04-01,556.803152,753.8,5,1.0,0.25675675675675674,Fear,Infrequent,1
0xae5eacaf9c6b9111fd53034a602c192a04e082ed,2024-02-12,0.0,227.36363636363637,44,0.0,1.3565217391304347,Greed,Frequent,0
0xae5eacaf9c6b9111fd53034a602c192a04e082ed,2024-03-12,20925.513222,82.762,145,0.7241379310344828,0.8292682926829268,Extreme Greed,Frequent,1
0xae5eacaf9c6b9111fd53034a602c192a04e082ed,2024-04-12,0.0,0.00860239,1,0.0,0.42857142857142855,Extreme Greed,Infrequent,0
0xae5eacaf9c6b9111fd53034a602c192a04e082ed,2025-04-03,0.0,11904.761904761905,21,0.0,2.668702290076336,Fear,Infrequent,0
0xaf40fdc468c30116bd3307bcbf4a451a7ebf1deb,2024-09-12,0.0,0.0671275,4,0.0,5.352941176470588,Fear,Infrequent,0
0xaf40fdc468c30116bd3307bcbf4a451a7ebf1deb,2024-11-12,39.7705,0.07231,1,1.0,0.16270218839200762,Extreme Greed,Infrequent,1
0xaf40fdc468c30116bd3307bcbf4a451a7ebf1deb,2024-12-12,15.24474,0.1962,1,1.0,0.27843915343915343,Extreme Greed,Infrequent,1
0xaf40fdc468c30116bd3307bcbf4a451a7ebf1deb,2025-03-04,2020.0,0.5,8,0.125,1.205548549810845,Extreme Fear,Infrequent,1
0xb1231a4a2dd02f2276fa3c5e2a2f3436e6bfed23,2023-05-12,0.0,1.3121122222222223,9,0.0,2.3333333333333335,Neutral,Infrequent,0
0xb1231a4a2dd02f2276fa3c5e2a2f3436e6bfed23,2024-01-01,-129.53146,232.15481333333335,18,0.05555555555555555,1.1111111111111112,Greed,Infrequent,0
0xb1231a4a2dd02f2276fa3c5e2a2f3436e6bfed23,2024-01-02,0.0,7497.666666666667,6,0.0,6.0,Greed,Infrequent,0
0xb1231a4a2dd02f2276fa3c5e2a2f3436e6bfed23,2024-01-07,3863.351096,24062.933466666665,51,0.3333333333333333,0.1016949152542373,Greed,Frequent,1
0xb1231a4a2dd02f2276fa3c5e2a2f3436e6bfed23,2024-01-08,0.0,31563.13606666667,9,0.0,4.2727272727272725,Greed,Infrequent,0
0xb1231a4a2dd02f2276fa3c5e2a2f3436e6bfed23,2024-02-01,783.979116,12248.13852117647,17,0.47058823529411764,1.0,Greed,Infrequent,1
0xb1231a4a2dd02f2276fa3c5e2a2f3436e6bfed23,2024-02-02,456.423473,1003.3270671428572,42,0.30952380952380953,0.7916666666666666,Greed,Frequent,1
0xb1231a4a2dd02f2276fa3c5e2a2f3436e6bfed23,2024-02-03,-1443.814567,2964.4285714285716,7,0.0,7.0,Greed,Infrequent,0
0xb1231a4a2dd02f2276fa3c5e2a2f3436e6bfed23,2024-02-04,0.0,1473.125,4,0.0,0.3125,Greed,Infrequent,0
0xb1231a4a2dd02f2276fa3c5e2a2f3436e6bfed23,2024-02-07,2421.253116,634.4611111111112,18,0.7222222222222222,2.1666666666666665,Greed,Infrequent,1
0xb1231a4a2dd02f2276fa3c5e2a2f3436e6bfed23,2024-02-08,554.12049,5683.647291666667,12,0.4166666666666667,1.9090909090909092,Greed,Infrequent,1
0xb1231a4a2dd02f2276fa3c5e2a2f3436e6bfed23,2024-03-01,866.015507,962.718319402985,67,0.417910447761194,0.8888888888888888,Extreme Greed,Frequent,1
0xb1231a4a2dd02f2276fa3c5e2a2f3436e6bfed23,2024-03-02,223.30918699999998,172.52263482142857,56,0.10714285714285714,0.46153846153846156,Extreme Greed,Frequent,1
0xb1231a4a2dd02f2276fa3c5e2a2f3436e6bfed23,2024-03-04,0.0,417.0,2,0.0,1.5,Extreme Greed,Infrequent,0
0xb1231a4a2dd02f2276fa3c5e2a2f3436e6bfed23,2024-03-05,0.0,7033.166666666667,6,0.0,0.08823529411764706,Extreme Greed,Infrequent,0
0xb1231a4a2dd02f2276fa3c5e2a2f3436e6bfed23,2024-03-07,0.0,28.169875,8,0.0,18.0,Extreme Greed,Infrequent,0
0xb1231a4a2dd02f2276fa3c5e2a2f3436e6bfed23,2024-03-08,0.0,11629.238816666666,6,0.0,18.0,Extreme Greed,Infrequent,0
0xb1231a4a2dd02f2276fa3c5e2a2f3436e6bfed23,2024-04-01,-67.60364,9.01916,5,0.0,0.5,Extreme Greed,Infrequent,0
0xb1231a4a2dd02f2276fa3c5e2a2f3436e6bfed23,2024-04-02,47.62389499999999,597.2897454285715,35,0.2571428571428571,1.1176470588235294,Extreme Greed,Frequent,1
0xb1231a4a2dd02f2276fa3c5e2a2f3436e6bfed23,2024-04-03,1026.004099,1402.276923076923,13,1.0,1.15,Greed,Infrequent,1
0xb1231a4a2dd02f2276fa3c5e2a2f3436e6bfed23,2024-04-05,0.0,193303.66666666666,3,0.0,0.0,Extreme Greed,Infrequent,0
0xb1231a4a2dd02f2276fa3c5e2a2f3436e6bfed23,2024-04-07,0.0,20.207663636363637,11,0.0,25.0,Extreme Greed,Infrequent,0
0xb1231a4a2dd02f2276fa3c5e2a2f3436e6bfed23,2024-04-08,0.0,8207.126483148148,27,0.0,0.8823529411764706,Extreme Greed,Frequent,0
0xb1231a4a2dd02f2276fa3c5e2a2f3436e6bfed23,2024-04-09,1065.785132,1581.6861306060607,33,0.15151515151515152,7.75,Extreme Greed,Frequent,1
0xb1231a4a2dd02f2276fa3c5e2a2f3436e6bfed23,2024-04-10,0.0,307.367829,1,0.0,0.0,Extreme Greed,Infrequent,0
0xb1231a4a2dd02f2276fa3c5e2a2f3436e6bfed23,2024-04-12,274999.139393,537.5925,44,1.0,0.42857142857142855,Extreme Greed,Frequent,1
0xb1231a4a2dd02f2276fa3c5e2a2f3436e6bfed23,2024-05-01,164.141565,3.815267575757576,66,0.19696969696969696,0.8611111111111112,Neutral,Frequent,1
0xb1231a4a2dd02f2276fa3c5e2a2f3436e6bfed23,2024-05-02,-33.45419400000003,413.078175,72,0.19444444444444445,0.825,Fear,Frequent,0
0xb1231a4a2dd02f2276fa3c5e2a2f3436e6bfed23,2024-05-04,965.5522159999999,840.8125,8,1.0,0.20238095238095238,Greed,Infrequent,1
0xb1231a4a2dd02f2276fa3c5e2a2f3436e6bfed23,2024-05-07,0.0,438.5833333333333,12,0.0,32.0,Greed,Infrequent,0
0xb1231a4a2dd02f2276fa3c5e2a2f3436e6bfed23,2024-05-08,-8394.889856,6034.649168181818,44,0.5909090909090909,1.025,Greed,Frequent,0
0xb1231a4a2dd02f2276fa3c5e2a2f3436e6bfed23,2024-05-12,49999.876084999996,917.85,4,1.0,0.7245283018867924,Greed,Infrequent,1
0xb1231a4a2dd02f2276fa3c5e2a2f3436e6bfed23,2024-06-01,135.58166400000002,321.7012109090909,22,0.45454545454545453,0.9166666666666666,Greed,Frequent,1
0xb1231a4a2dd02f2276fa3c5e2a2f3436e6bfed23,2024-06-02,-215.615907,50970.19511461397,1088,0.1645220588235294,0.9071803852889667,Greed,Frequent,0
0xb1231a4a2dd02f2276fa3c5e2a2f3436e6bfed23,2024-06-07,108.87217799999999,40982.375,24,0.2916666666666667,2.125,Extreme Greed,Frequent,1
0xb1231a4a2dd02f2276fa3c5e2a2f3436e6bfed23,2024-06-08,51.56325,1745.758705375,80,0.0625,2.375,Greed,Frequent,1
0xb1231a4a2dd02f2276fa3c5e2a2f3436e6bfed23,2024-06-09,-1104.856765,37.73684210526316,38,0.0,0.10256410256410256,Extreme Greed,Frequent,0
0xb1231a4a2dd02f2276fa3c5e2a2f3436e6bfed23,2024-06-12,74999.848329,218.3356,25,1.0,1.0301507537688441,Greed,Frequent,1
0xb1231a4a2dd02f2276fa3c5e2a2f3436e6bfed23,2024-07-01,-835.681235,1702.9125883505153,97,0.09278350515463918,1.1304347826086956,Neutral,Frequent,0
0xb1231a4a2dd02f2276fa3c5e2a2f3436e6bfed23,2024-07-02,241.24212,884.1266666666667,15,0.13333333333333333,0.7777777777777778,Neutral,Infrequent,1
0xb1231a4a2dd02f2276fa3c5e2a2f3436e6bfed23,2024-07-05,227.320653,88547.0,7,0.2857142857142857,0.46153846153846156,Fear,Infrequent,1
0xb1231a4a2dd02f2276fa3c5e2a2f3436e6bfed23,2024-07-06,0.0,41.642857142857146,14,0.0,0.6961538461538461,Fear,Infrequent,0
0xb1231a4a2dd02f2276fa3c5e2a2f3436e6bfed23,2024-07-07,61.428942,12.5,10,1.0,0.0,Fear,Infrequent,1
0xb1231a4a2dd02f2276fa3c5e2a2f3436e6bfed23,2024-07-08,188.789255,1289.142857142857,21,0.47619047619047616,0.5454545454545454,Fear,Infrequent,1
0xb1231a4a2dd02f2276fa3c5e2a2f3436e6bfed23,2024-07-12,74999.62263,1033.632,5,0.6,0.5641025641025641,Fear,Infrequent,1
0xb1231a4a2dd02f2276fa3c5e2a2f3436e6bfed23,2024-08-01,-269.874439,844.6860564843751,128,0.25,0.449438202247191,Neutral,Frequent,0
0xb1231a4a2dd02f2276fa3c5e2a2f3436e6bfed23,2024-08-02,770.756024,560995.31,10,0.4,0.2222222222222222,Greed,Infrequent,1
0xb1231a4a2dd02f2276fa3c5e2a2f3436e6bfed23,2024-08-07,0.0,156.0,1,0.0,1.0,Fear,Infrequent,0
0xb1231a4a2dd02f2276fa3c5e2a2f3436e6bfed23,2024-08-08,0.0,2481.88164,5,0.0,1.0,Extreme Fear,Infrequent,0
0xb1231a4a2dd02f2276fa3c5e2a2f3436e6bfed23,2024-08-10,0.0,393.379902,1,0.0,11.333333333333334,Fear,Infrequent,0
0xb1231a4a2dd02f2276fa3c5e2a2f3436e6bfed23,2024-08-12,0.0,3905.748344827586,145,0.0,0.24188790560471976,Fear,Frequent,0
0xb1231a4a2dd02f2276fa3c5e2a2f3436e6bfed23,2024-09-01,-826.349863,1847.9473097142857,70,0.2571428571428571,0.6511627906976745,Fear,Frequent,0
0xb1231a4a2dd02f2276fa3c5e2a2f3436e6bfed23,2024-09-05,0.0,11532.666666666666,3,0.0,0.45,Fear,Infrequent,0
0xb1231a4a2dd02f2276fa3c5e2a2f3436e6bfed23,2024-09-06,0.0,39.5,12,0.0,17.0,Extreme Fear,Infrequent,0
0xb1231a4a2dd02f2276fa3c5e2a2f3436e6bfed23,2024-09-07,648.984412,40.0,15,1.0,0.0,Extreme Fear,Infrequent,1
0xb1231a4a2dd02f2276fa3c5e2a2f3436e6bfed23,2024-09-08,6783.078347,870.2594071666666,60,0.2833333333333333,0.5934065934065934,Fear,Frequent,1
0xb1231a4a2dd02f2276fa3c5e2a2f3436e6bfed23,2024-09-09,0.0,174540.0,2,0.0,2.0,Fear,Infrequent,0
0xb1231a4a2dd02f2276fa3c5e2a2f3436e6bfed23,2024-10-01,-1517.091342,1037.8364329533679,193,0.21243523316062177,0.9019607843137255,Neutral,Frequent,0
0xb1231a4a2dd02f2276fa3c5e2a2f3436e6bfed23,2024-10-07,382.10788099999996,504.5846153846154,13,0.38461538461538464,0.2127659574468085,Neutral,Infrequent,1
0xb1231a4a2dd02f2276fa3c5e2a2f3436e6bfed23,2024-10-08,0.0,1727.7216091954024,87,0.0,43.5,Neutral,Frequent,0
0xb1231a4a2dd02f2276fa3c5e2a2f3436e6bfed23,2024-10-09,0.0,66673.0,1,0.0,0.3333333333333333,Neutral,Infrequent,0
0xb1231a4a2dd02f2276fa3c5e2a2f3436e6bfed23,2024-11-01,-164.08950099999998,44.49682736842105,19,0.2631578947368421,1.4444444444444444,Extreme Greed,Infrequent,0
0xb1231a4a2dd02f2276fa3c5e2a2f3436e6bfed23,2024-11-02,983.443176,781.1343832352941,34,0.20588235294117646,1.9166666666666667,Greed,Frequent,1
0xb1231a4a2dd02f2276fa3c5e2a2f3436e6bfed23,2024-11-06,4269.550668,108.45325333333334,75,0.10666666666666667,11.4,Greed,Frequent,1
0xb1231a4a2dd02f2276fa3c5e2a2f3436e6bfed23,2024-11-08,0.0,5969.3125,16,0.0,1.7777777777777777,Extreme Greed,Infrequent,0
0xb1231a4a2dd02f2276fa3c5e2a2f3436e6bfed23,2024-11-12,274998.942584,116.07923076923078,156,1.0,0.16270218839200762,Extreme Greed,Frequent,1
0xb1231a4a2dd02f2276fa3c5e2a2f3436e6bfed23,2024-12-01,-1925.519024,220.32562000000001,7,0.0,1.6666666666666667,Extreme Greed,Infrequent,0
0xb1231a4a2dd02f2276fa3c5e2a2f3436e6bfed23,2024-12-02,913.8817869999998,63.597461875,16,0.375,1.8333333333333333,Extreme Greed,Infrequent,1
0xb1231a4a2dd02f2276fa3c5e2a2f3436e6bfed23,2024-12-04,-2830.444513,323021.06666666665,15,0.0,0.4942528735632184,Extreme Greed,Infrequent,0
0xb1231a4a2dd02f2276fa3c5e2a2f3436e6bfed23,2024-12-05,0.0,2656.079230769231,13,0.0,2.4285714285714284,Extreme Greed,Infrequent,0
0xb1231a4a2dd02f2276fa3c5e2a2f3436e6bfed23,2024-12-06,0.0,17.675675675675677,37,0.0,0.8214285714285714,Greed,Frequent,0
0xb1231a4a2dd02f2276fa3c5e2a2f3436e6bfed23,2024-12-07,1412.314654,709.2888888888889,9,1.0,19.0,Extreme Greed,Infrequent,1
0xb1231a4a2dd02f2276fa3c5e2a2f3436e6bfed23,2024-12-08,0.0,1819.0967741935483,31,0.0,3.9,Extreme Greed,Frequent,0
0xb1231a4a2dd02f2276fa3c5e2a2f3436e6bfed23,2024-12-12,449328.107544,81.91111464968152,314,1.0,0.27843915343915343,Extreme Greed,Frequent,1
0xb1231a4a2dd02f2276fa3c5e2a2f3436e6bfed23,2025-01-02,15452.344326,5285.727272727273,11,0.2727272727272727,1.243816254416961,Greed,Infrequent,1
0xb1231a4a2dd02f2276fa3c5e2a2f3436e6bfed23,2025-01-05,102460.17164,77.46849315068494,73,0.7808219178082192,1.2587155963302752,Greed,Frequent,1
0xb1231a4a2dd02f2276fa3c5e2a2f3436e6bfed23,2025-02-01,0.0,5477.5,6,0.0,0.4196078431372549,Greed,Infrequent,0
0xb1231a4a2dd02f2276fa3c5e2a2f3436e6bfed23,2025-02-02,69051.70619,2069.2636363636366,88,0.8068181818181818,1.7104722792607803,Greed,Frequent,1
0xb1231a4a2dd02f2276fa3c5e2a2f3436e6bfed23,2025-03-01,0.0,2056.3888888888887,18,0.0,0.4970588235294118,Extreme Fear,Infrequent,0
0xb1231a4a2dd02f2276fa3c5e2a2f3436e6bfed23,2025-03-02,46742.288748,803.2777906976745,258,0.3449612403100775,0.8457364341085272,Fear,Frequent,1
0xb1231a4a2dd02f2276fa3c5e2a2f3436e6bfed23,2025-03-04,0.0,493.8266666666667,9,0.0,1.205548549810845,Extreme Fear,Infrequent,0
0xb1231a4a2dd02f2276fa3c5e2a2f3436e6bfed23,2025-04-01,1659.7995640000001,5799.736842105263,19,0.6842105263157895,0.25675675675675674,Fear,Infrequent,1
0xb1231a4a2dd02f2276fa3c5e2a2f3436e6bfed23,2025-04-02,16102.444634,96.47965204236006,661,0.3600605143721634,0.8343065693430657,Fear,Frequent,1
0xb1231a4a2dd02f2276fa3c5e2a2f3436e6bfed23,2025-04-03,0.0,1794.6167532467534,77,0.0,2.668702290076336,Fear,Frequent,0
0xb1231a4a2dd02f2276fa3c5e2a2f3436e6bfed23,2025-04-04,2242.086667,98.25,99,0.6565656565656566,0.6447028423772609,Fear,Frequent,1
0xb1231a4a2dd02f2276fa3c5e2a2f3436e6bfed23,2025-05-01,956.5545050000001,1116.989152121212,33,0.9696969696969697,0.37142857142857144,Neutral,Frequent,1
0xb1231a4a2dd02f2276fa3c5e2a2f3436e6bfed23,2025-05-02,14644.100674,91.52266055045871,218,0.42201834862385323,1.1313628899835797,Greed,Frequent,1
0xb899e522b5715391ae1d4f137653e7906c5e2115,2025-02-03,34795.678173,53.02627741935484,155,0.4838709677419355,1.057915057915058,Fear,Frequent,1
0xb899e522b5715391ae1d4f137653e7906c5e2115,2025-03-03,535.4072209999999,108.53935483870968,31,0.45161290322580644,2.582125603864734,Fear,Frequent,1
0xb899e522b5715391ae1d4f137653e7906c5e2115,2025-03-04,361.071464,799.3227258333333,24,0.2916666666666667,1.205548549810845,Extreme Fear,Frequent,1
0xb899e522b5715391ae1d4f137653e7906c5e2115,2025-04-03,4578.655427,131.31548387096774,124,0.5080645161290323,2.668702290076336,Fear,Frequent,1
0xb899e522b5715391ae1d4f137653e7906c5e2115,2025-04-04,0.0,0.20331333333333335,6,0.0,0.6447028423772609,Fear,Infrequent,0
0xbaaaf6571ab7d571043ff1e313a9609a10637864,2025-01-05,1.86032,0.2,1,1.0,1.2587155963302752,Greed,Infrequent,1
0xbaaaf6571ab7d571043ff1e313a9609a10637864,2025-02-04,188114.980392,279.684064602961,743,1.0,0.13487881981032665,Greed,Frequent,1
0xbaaaf6571ab7d571043ff1e313a9609a10637864,2025-03-04,3869.208803,387.39622198505873,937,0.5080042689434365,1.205548549810845,Extreme Fear,Frequent,1
0xbaaaf6571ab7d571043ff1e313a9609a10637864,2025-04-03,0.0,398.75492007104793,563,0.0,2.668702290076336,Fear,Frequent,0
0xbaaaf6571ab7d571043ff1e313a9609a10637864,2025-04-04,9367.872074,191.8317610062893,318,0.6792452830188679,0.6447028423772609,Fear,Frequent,1
0xbd5fead7180a9c139fa51a103cb6a2ce86ddb5c3,2024-10-12,0.0,2846.153846153846,52,0.0,0.4967197750702905,Neutral,Frequent,0
0xbd5fead7180a9c139fa51a103cb6a2ce86ddb5c3,2024-11-12,0.0,705.8823529411765,17,0.0,0.16270218839200762,Extreme Greed,Infrequent,0
0xbd5fead7180a9c139fa51a103cb6a2ce86ddb5c3,2024-12-12,0.0,5000.0,1,0.0,0.27843915343915343,Extreme Greed,Infrequent,0
0xbd5fead7180a9c139fa51a103cb6a2ce86ddb5c3,2025-01-04,-9311.892185,10714.285714285714,28,0.0,0.9108910891089109,Greed,Frequent,0
0xbd5fead7180a9c139fa51a103cb6a2ce86ddb5c3,2025-01-05,-113601.02013799999,9.267241379310345,116,0.008620689655172414,1.2587155963302752,Greed,Frequent,0
0xbd5fead7180a9c139fa51a103cb6a2ce86ddb5c3,2025-02-03,-2632.65866,48.00238095238095,84,0.0,1.057915057915058,Fear,Frequent,0
0xbd5fead7180a9c139fa51a103cb6a2ce86ddb5c3,2025-02-04,2676.6850000000004,45.48712121212122,66,0.9393939393939394,0.13487881981032665,Greed,Frequent,1
0xbd5fead7180a9c139fa51a103cb6a2ce86ddb5c3,2025-03-01,0.0,1524.5901639344263,61,0.0,0.4970588235294118,Extreme Fear,Frequent,0
0xbd5fead7180a9c139fa51a103cb6a2ce86ddb5c3,2025-03-02,160022.95082600001,5797.115942028986,69,1.0,0.8457364341085272,Fear,Frequent,1
0xbd5fead7180a9c139fa51a103cb6a2ce86ddb5c3,2025-03-03,57561.35367,1015.075,136,0.8235294117647058,2.582125603864734,Fear,Frequent,1
0xbd5fead7180a9c139fa51a103cb6a2ce86ddb5c3,2025-03-04,-5862.0887760000005,12500.0,12,0.0,1.205548549810845,Extreme Fear,Infrequent,0
0xbd5fead7180a9c139fa51a103cb6a2ce86ddb5c3,2025-04-02,0.0,5555.555555555556,18,0.0,0.8343065693430657,Fear,Infrequent,0
0xbd5fead7180a9c139fa51a103cb6a2ce86ddb5c3,2025-04-03,0.0,1.0,2,0.0,2.668702290076336,Fear,Infrequent,0
0xbd5fead7180a9c139fa51a103cb6a2ce86ddb5c3,2025-04-04,-43753.361578,1118.9316222727273,132,0.18181818181818182,0.6447028423772609,Fear,Frequent,0
0xbee1707d6b44d4d52bfe19e41f8a828645437aab,2024-08-12,15206.395076,161.42980217391303,92,0.9130434782608695,0.24188790560471976,Fear,Frequent,1
0xbee1707d6b44d4d52bfe19e41f8a828645437aab,2024-09-12,2397.068675,133.7646853146853,143,0.06293706293706294,5.352941176470588,Fear,Frequent,1
0xbee1707d6b44d4d52bfe19e41f8a828645437aab,2024-10-12,26600.990442,135.7995150862069,928,0.5765086206896551,0.4967197750702905,Neutral,Frequent,1
0xbee1707d6b44d4d52bfe19e41f8a828645437aab,2024-11-12,24663.690943,85.82043396226416,530,0.9792452830188679,0.16270218839200762,Extreme Greed,Frequent,1
0xbee1707d6b44d4d52bfe19e41f8a828645437aab,2024-12-12,130826.491662,94.17811565802113,1041,0.8146013448607109,0.27843915343915343,Extreme Greed,Frequent,1
0xbee1707d6b44d4d52bfe19e41f8a828645437aab,2025-01-02,2954.521713,45.05604278074866,187,0.7112299465240641,1.243816254416961,Greed,Frequent,1
0xbee1707d6b44d4d52bfe19e41f8a828645437aab,2025-01-03,446.358633,69.7313725490196,51,0.3137254901960784,1.5,Greed,Frequent,1
0xbee1707d6b44d4d52bfe19e41f8a828645437aab,2025-01-04,147.445788,90.568,35,0.7714285714285715,0.9108910891089109,Greed,Frequent,1
0xbee1707d6b44d4d52bfe19e41f8a828645437aab,2025-01-05,1364.022527,124.44038167938932,131,0.3282442748091603,1.2587155963302752,Greed,Frequent,1
0xbee1707d6b44d4d52bfe19e41f8a828645437aab,2025-02-02,-329.680689,79.57358778625954,131,0.2900763358778626,1.7104722792607803,Greed,Frequent,0
0xbee1707d6b44d4d52bfe19e41f8a828645437aab,2025-02-03,2576.6453030000002,100.45294117647059,102,0.5392156862745098,1.057915057915058,Fear,Frequent,1
0xbee1707d6b44d4d52bfe19e41f8a828645437aab,2025-02-04,1842.839943,73.9371186440678,118,0.6440677966101694,0.13487881981032665,Greed,Frequent,1
0xbee1707d6b44d4d52bfe19e41f8a828645437aab,2025-03-02,5803.573999,76.1191076923077,325,0.4246153846153846,0.8457364341085272,Fear,Frequent,1
0xbee1707d6b44d4d52bfe19e41f8a828645437aab,2025-03-03,2448.046511,99.58589041095891,73,0.6575342465753424,2.582125603864734,Fear,Frequent,1
0xbee1707d6b44d4d52bfe19e41f8a828645437aab,2025-03-04,-3368.876326,139.46498084291187,261,0.0,1.205548549810845,Extreme Fear,Frequent,0
0xbee1707d6b44d4d52bfe19e41f8a828645437aab,2025-04-02,806.765131,52.764556451612904,248,0.2862903225806452,0.8343065693430657,Fear,Frequent,1
0xbee1707d6b44d4d52bfe19e41f8a828645437aab,2025-04-03,-4934.6700519999995,91.72746680286006,979,0.38508682328907046,2.668702290076336,Fear,Frequent,0
0xbee1707d6b44d4d52bfe19e41f8a828645437aab,2025-04-04,-4513.160132,123.52524539877301,326,0.15950920245398773,0.6447028423772609,Fear,Frequent,0
0xbee1707d6b44d4d52bfe19e41f8a828645437aab,2025-05-02,713.82809,140.22571428571428,14,0.7857142857142857,1.1313628899835797,Greed,Infrequent,1
